URI,Album,Song Name,Popularity,Disc Number,Track Number,Explicit,Danceability,Energy,Key,Loudness,Mode,Speechiness,Acousticness,Instrumentalness,Liveness,Valence,Tempo,Duration_ms,Time Signature
1BxfuPKGuaTgP7aM0Bbdwr,Lover,Cruel Summer,90,1,2,False,0.552,0.7020000000000001,9,-5.7070000000000025,1,0.157,0.1169999999999999,2.060000000000001e-05,0.105,0.564,169.99400000000003,178427,4
2OzhQlSqBEmt7hmkYxfT6m,The Tortured Poets Department,Fortnight (Ft. Post Malone),86,1,1,False,0.504,0.386,11,-10.975999999999999,1,0.0308,0.502,1.53e-05,0.0961,0.281,192.00400000000002,228965,4
1dGr1c8CrMLDpV6mPbImSI,Lover,Lover,85,1,3,False,0.359,0.5429999999999999,7,-7.5820000000000025,1,0.0919,0.4920000000000001,1.58e-05,0.11800000000000001,0.4529999999999999,68.53399999999999,221307,4
3hUxzQpSfdDqwM3ZTFQY0K,folklore,august,85,1,8,False,0.532,0.623,5,-9.208,1,0.0331,0.5379999999999999,7.28e-05,0.0925,0.4029999999999999,89.93700000000004,261923,4
4R2kfaDFhslZEMJqAFNpdd,folklore,cardigan,84,1,2,False,0.613,0.581,0,-8.588,0,0.0424,0.537,0.00034500000000000004,0.25,0.551,130.033,239560,4
4q5YezDOIPcoLr8R81x9qy,The Tortured Poets Department,I Can Do It With a Broken Heart,84,1,13,True,0.701,0.7509999999999999,0,-8.39,1,0.0502,0.12300000000000001,0.0,0.15,0.22,129.994,218005,4
1R0a2iXumgCiFb7HEZ7gUE,Reputation,Don't Blame Me,83,1,4,False,0.615,0.534,9,-6.7189999999999985,0,0.0386,0.106,1.76e-05,0.0607,0.193,135.917,236413,4
0V3wPSX9ygBnCm8psDIegu,Midnights,Anti-Hero,82,1,3,False,0.637,0.643,4,-6.5710000000000015,1,0.0519,0.13,1.8000000000000001e-06,0.142,0.5329999999999999,97.008,200690,4
1MgV7FIyNxIG7WzMRJV5HC,folklore,my tears ricochet,80,1,5,False,0.456,0.263,0,-10.63,1,0.0332,0.8059999999999999,0.0,0.0749,0.111,129.86,255894,4
1P17dC1amhFzptugyAO7Il,Reputation,Look What You Made Me Do,79,1,6,False,0.7659999999999999,0.7090000000000001,9,-6.471,0,0.12300000000000001,0.204,1.4099999999999999e-05,0.126,0.506,128.07,211853,4
3RauEVgRgj1IuWdJ9fDs70,Lover,The Man,79,1,4,False,0.777,0.6579999999999999,0,-5.191,1,0.054000000000000006,0.0767,0.0,0.0901,0.633,110.04799999999999,190360,4
6NFyWDv5CjfwuzoCkw47Xf,Reputation,Delicate,79,1,5,False,0.75,0.4039999999999999,9,-10.177999999999999,0,0.0682,0.21600000000000003,0.000357,0.0911,0.0499,95.045,232253,4
2yLa0QULdQr0qAIvVwN6B5,Reputation,...Ready For It?,79,1,1,False,0.613,0.764,2,-6.509,1,0.136,0.0527,0.0,0.1969999999999999,0.41700000000000004,160.015,208187,4
5enxwA8aAbwZbf5qCHORXi,Red,All Too Well (10 Minute Version),79,1,30,True,0.631,0.518,0,-8.771,1,0.0303,0.2739999999999999,0.0,0.08800000000000001,0.205,93.023,613027,4
1qrpoAMXodY6895hGKoUpA,Fearless,You Belong With Me,79,1,6,False,0.632,0.773,6,-4.856,1,0.0346,0.0623,0.0,0.0885,0.474,130.033,231124,4
0W0iAC1VGlB82PI6elxFYf,The Tortured Poets Department,Guilty as Sin?,78,1,9,False,0.626,0.428,2,-8.374,1,0.0261,0.607,0.0,0.0921,0.48700000000000004,94.95,254366,3
6RRNNciQGZEXnqk8SQ9yv5,Lover,You Need To Calm Down,77,1,14,False,0.7709999999999999,0.6709999999999999,2,-5.617000000000001,1,0.0553,0.009290000000000001,0.0,0.0637,0.7140000000000001,85.02600000000002,171360,4
2F3N9tdombb64aW6VtZOdo,The Tortured Poets Department,Down Bad,77,1,4,True,0.541,0.366,11,-10.412,1,0.0748,0.56,1e-06,0.0946,0.168,159.707,261228,4
0VE4kBnHJUgtMf0dy6DRmW,Reputation,Getaway Car,77,1,9,False,0.562,0.6890000000000001,2,-6.745,1,0.127,0.00465,2.23e-06,0.0888,0.35100000000000003,172.054,233627,4
7KokYm8cMIXCsGVmUvKtqf,Midnights,Karma,77,1,11,True,0.642,0.62,8,-7.091,1,0.0666,0.0734,0.0,0.483,0.0969,90.02,204852,4
3sW3oSbzsfecv9XoUdGs7h,Speak Now,Enchanted,77,1,9,False,0.505,0.532,8,-3.5260000000000002,1,0.0265,0.012,0.0,0.149,0.21600000000000003,81.907,353253,4
7Mts0OfPorF4iwOomvfqn1,The Tortured Poets Department,So High School,77,1,22,False,0.366,0.866,7,-4.5139999999999985,1,0.0466,0.0274,3.07e-06,0.106,0.293,176.07,228800,4
18WFFUIsewmA8g31KAeo3e,The Tortured Poets Department,The Prophecy,77,1,26,False,0.42100000000000004,0.525,10,-10.359000000000002,1,0.0472,0.825,2.67e-06,0.308,0.535,167.92700000000005,249807,4
1fzAuUVbzlhZ1lJAx9PtY6,Lover,Daylight,77,1,18,False,0.557,0.496,0,-9.602,1,0.0563,0.8079999999999999,0.000173,0.0772,0.265,149.983,293453,4
4pvb0WLRcMtbPGmtejJJ6y,folklore,exile (Ft. Bon Iver),77,1,4,False,0.298,0.38,6,-8.426,1,0.0287,0.778,5.6200000000000004e-05,0.11,0.152,75.602,285634,4
4y5bvROuBDPr5fuwXbIBZR,Lover,Paper Rings,76,1,8,False,0.8109999999999999,0.7190000000000001,9,-6.553,1,0.0497,0.0129,1.36e-05,0.0742,0.865,103.979,222400,4
1Iq8oo9XkmmvCQiGOfORiz,1989,Is It Over Now?,76,1,21,False,0.596,0.6579999999999999,0,-7.346,1,0.036000000000000004,0.0504,0.0,0.127,0.17600000000000002,100.012,229478,4
4D7BCuvgdJlYvlX5WlN54t,Midnights,"You're On Your Own, Kid",76,1,5,False,0.696,0.396,2,-10.289000000000001,1,0.0656,0.401,5.2e-06,0.125,0.38,120.041,194207,4
45wMBGri1PORPjM9PwFfrS,1989,Blank Space,76,1,2,False,0.737,0.725,0,-5.4170000000000025,1,0.0641,0.0976,0.0,0.174,0.755,96.012,231833,4
1hjRhYpWyqDpPahmSlUTlc,1989,Style,76,1,3,False,0.575,0.8240000000000001,2,-4.823,1,0.038,0.0004179999999999,0.0214,0.0901,0.292,94.971,231000,4
1kcwpPDQnqEqmezzXdJTCP,The Tortured Poets Department,imgonnagetyouback,76,1,18,False,0.784,0.391,9,-9.471,1,0.0633,0.608,0.0,0.252,0.15,110.007,222072,4
5KD6AEm19QnMbfWpfoOHMl,1989,Now That We Don't Talk,75,1,19,False,0.7929999999999999,0.512,0,-9.318999999999999,1,0.0338,0.18600000000000003,3.81e-05,0.0889,0.0662,109.994,146437,4
71BqAINEnezjQfxE4VuJfq,1989,"""Slut!""",75,1,17,False,0.629,0.413,7,-13.177999999999999,1,0.055,0.345,7.62e-05,0.0603,0.306,77.983,180381,4
5Bedn0svl0ZD7RGmJkmKKw,The Tortured Poets Department,How Did It End?,75,1,21,False,0.49200000000000005,0.379,0,-8.859,1,0.0257,0.785,0.00093,0.10800000000000001,0.273,83.993,238707,3
214nt20w5wOxJnY462klLw,Lover,Miss Americana & The Heartbreak Prince,75,1,7,False,0.662,0.747,11,-6.926,0,0.0736,0.0279999999999999,0.00615,0.138,0.48700000000000004,150.088,234147,4
1K39ty6o1sHwwlZwO6a7wK,1989,Wildest Dreams,75,1,9,False,0.581,0.672,8,-7.415,1,0.0739,0.0411,9.350000000000001e-05,0.11800000000000001,0.514,140.061,220433,4
2NmsngXHeC1GQ9wWrzhOMf,folklore,illicit affairs,75,1,10,False,0.5589999999999999,0.31,10,-10.445,1,0.0338,0.8809999999999999,0.0,0.106,0.46,119.845,190898,4
36t6frENUtCYKuZus6aYDO,The Tortured Poets Department,Whoâ€™s Afraid of Little Old Me?,75,1,10,False,0.606,0.3379999999999999,0,-10.555,1,0.048,0.315,0.0,0.106,0.23800000000000002,119.88,334085,4
6YvqWjhGD8mB5QXcbcUKtx,Fearless,Love Story,75,1,3,False,0.627,0.792,2,-4.311,1,0.031,0.13,3.97e-06,0.0845,0.415,119.054,235767,4
77sMIMlNaSURUAXq5coCxE,Fearless,Fearless,75,1,1,False,0.569,0.741,5,-4.963,1,0.0282,0.0122,0.0,0.3329999999999999,0.43,100.118,241592,4
4svZDCRz4cJoneBpjpx8DJ,Reputation,I Did Something Bad,74,1,3,False,0.696,0.602,0,-6.1560000000000015,0,0.159,0.0679,2.11e-05,0.0696,0.305,82.98899999999998,238253,4
5jQI2r1RdgtuT8S3iG8zFC,Midnights,Lavender Haze,74,1,1,True,0.733,0.436,10,-10.489,1,0.08,0.258,0.000573,0.157,0.0976,96.985,202396,4
3qoftcUZaUOncvIYjFSPdE,Midnights,Bejeweled,74,1,9,False,0.696,0.5589999999999999,7,-9.19,1,0.0693,0.0618,5.58e-05,0.0887,0.433,163.99900000000005,194166,4
1ZY1PqizIl78geGM4xWlEA,Reputation,Gorgeous,74,1,8,False,0.8,0.535,7,-6.684,1,0.135,0.0713,9.48e-06,0.213,0.451,92.027,209680,4
3rWDp9tBPQR9z6U5YyRSK4,Midnights,Midnight Rain,74,1,6,False,0.643,0.363,0,-11.738,1,0.0767,0.69,5.17e-05,0.115,0.23,139.865,174783,4
3pHkh7d0lzM2AldUtz2x37,Lover,The Archer,74,1,5,False,0.292,0.574,0,-9.375,1,0.0401,0.12,0.00569,0.0663,0.166,124.344,211240,4
62E2nR0od0M5HYxuYLaDz7,The Tortured Poets Department,The Black Dog,74,1,17,True,0.527,0.27,0,-10.855,1,0.038,0.7070000000000001,0.0,0.102,0.23,154.042,238857,4
3zwMVvkBe2qIKDObWgXw4N,evermore,right where you left me,74,1,16,False,0.581,0.619,10,-6.524,1,0.0282,0.769,0.000106,0.1169999999999999,0.645,137.915,245027,4
22bPsP2jCgbLUvh82U0Z3M,Fearless,The Way I Loved You,74,1,10,False,0.402,0.732,5,-4.665,1,0.0484,0.0033,0.0,0.10800000000000001,0.47200000000000003,161.032,243137,4
6oVxXO5oQ4pTpO8RSnkzvv,Reputation,Dress,74,1,12,False,0.7190000000000001,0.469,0,-8.792,1,0.0533,0.0329,0.0,0.1689999999999999,0.0851,120.085,230373,4
7kt9e9LFSpN1zQtYEl19o1,folklore,this is me trying,73,1,9,False,0.515,0.47600000000000003,9,-9.843,1,0.0328,0.314,4.74e-05,0.171,0.41200000000000003,135.886,195097,4
5YqltLsjdqFtvqE7Nrysvs,Red,We Are Never Ever Getting Back Together,73,1,8,False,0.5670000000000001,0.6859999999999999,7,-6.1389999999999985,1,0.175,0.0317,1.86e-06,0.0732,0.716,172.014,193147,4
2Rk4JlNc2TPmZe2af99d45,Lover,ME! (Ft. Brendon Urie of Panic! At The Disco),73,1,16,False,0.61,0.83,0,-4.105,1,0.0571,0.033,0.0,0.11800000000000001,0.728,182.162,193000,4
0ZNU020wNYvgW84iljPkPP,folklore,mirrorball,73,1,6,False,0.5529999999999999,0.413,2,-10.037,1,0.0334,0.687,2.33e-06,0.0594,0.379,110.10700000000001,208978,4
0Jlcvv8IykzHaSmj49uNW8,folklore,the 1,73,1,1,True,0.777,0.35700000000000004,0,-6.942,1,0.0522,0.757,7.28e-06,0.10800000000000001,0.172,139.88299999999998,210252,4
5og4Qzt92jJzVDkOtSEilb,The Tortured Poets Department,But Daddy I Love Him,73,1,6,True,0.521,0.72,4,-7.684,1,0.10400000000000001,0.384,0.0,0.135,0.4379999999999999,79.943,340428,4
3hlGuz3loYoLfI3bpwieWq,The Tortured Poets Department,I Hate It Here,73,1,23,False,0.485,0.562,2,-7.197,1,0.0346,0.7170000000000001,0.0,0.35700000000000004,0.297,105.95299999999999,243876,4
6AtZLIzUINvExIUy4QhdjP,Red,I Knew You Were Trouble,73,1,4,False,0.584,0.557,6,-6.371,1,0.0342,0.0129,0.0,0.0576,0.767,154.00799999999995,219760,4
1GwMQaZz6Au3QLDbjbMdme,Reputation,Call It What You Want,73,1,14,False,0.598,0.504,9,-9.874,1,0.0731,0.18600000000000003,0.000221,0.34,0.252,163.954,203507,4
3zMDGj4D8ogaYgAIZPeU7S,The Tortured Poets Department,Peter,73,1,28,False,0.342,0.376,0,-8.212,1,0.0372,0.805,0.0,0.0593,0.29,176.859,283958,3
3ZVFcD8Wlw9T9klGqmJf9F,The Tortured Poets Department,Florida!!! (Ft. Florence + The Machine),73,1,8,True,0.5329999999999999,0.573,0,-7.122999999999998,1,0.138,0.17800000000000002,0.0,0.309,0.3979999999999999,150.088,215463,4
2913xXOVAIDAqxzV2g4VcU,The Tortured Poets Department,The Bolter,73,1,29,True,0.455,0.586,0,-7.978,1,0.0492,0.638,0.0,0.131,0.48100000000000004,183.69400000000002,238242,4
1SymEzIT3H8UZfibCs3TYi,Lover,Afterglow,73,1,15,False,0.7559999999999999,0.449,9,-8.746,1,0.0344,0.13,0.0,0.114,0.3989999999999999,111.01100000000001,223293,4
1rmEsOezwf2lmIZTMAO5Ag,The Tortured Poets Department,Chloe or Sam or Sophia or Marcus,72,1,20,False,0.516,0.451,0,-8.552,1,0.0446,0.78,0.0,0.105,0.218,70.266,213281,4
79uDOz0zuuWS7HWxzMmTa2,Speak Now,Back To December,72,1,3,False,0.4970000000000001,0.635,2,-3.927,1,0.0273,0.00621,0.0,0.1169999999999999,0.203,142.063,294190,4
7G0gBu6nLdhFDPRLc0HdDG,Speak Now,Mine,72,1,1,False,0.6459999999999999,0.7829999999999999,7,-2.846,1,0.0356,0.0044399999999999,1.38e-06,0.171,0.49,121.08,231707,4
3Vevii7qKqrmW8CcyzBHDl,The Tortured Poets Department,"So Long, London",72,1,5,False,0.423,0.5329999999999999,9,-11.388,1,0.322,0.73,0.00264,0.0816,0.248,160.218,262975,4
4OAuvHryIVv4kMDNSLuPt6,Red,Red,72,1,2,False,0.516,0.777,1,-4.908,0,0.0375,0.00108,1.62e-06,0.0761,0.408,125.04700000000001,223093,4
3pv7Q5v2dpdefwdWIvE7yH,1989,Shake It Off,72,1,6,False,0.632,0.807,7,-5.676,1,0.0738,0.0103,1.27e-05,0.29,0.9209999999999999,160.055,219209,4
2x0WlnmfG39ZuDmstl9xfX,Reputation,End Game (Ft. Ed Sheeran & Future),72,1,2,False,0.649,0.589,2,-6.237,1,0.0558,0.00845,0.0,0.10800000000000001,0.151,159.07299999999995,244827,4
6VsvKPJ4xjVNKpI8VVZ3SV,folklore,invisible string,72,1,11,False,0.653,0.452,4,-11.142999999999999,0,0.055,0.838,7.730000000000001e-05,0.10800000000000001,0.45,83.43299999999998,252881,4
2XXwLdtuAcE0HSCu61ijAb,The Tortured Poets Department,My Boy Only Breaks His Favorite Toys,72,1,3,False,0.596,0.563,0,-7.362,1,0.0269,0.1369999999999999,0.0,0.302,0.48100000000000004,97.073,203801,4
1LLXZFeAHK9R4xUramtUKw,Lover,London Boy,72,1,11,False,0.695,0.71,1,-6.6389999999999985,1,0.05,0.0246,0.00010400000000000001,0.133,0.557,157.925,190240,4
5kHMfzgLZP95O9NBy0ku4v,Speak Now,I Can See You,72,1,19,False,0.6940000000000001,0.764,6,-4.893,1,0.0337,0.0586,0.0,0.0608,0.8190000000000001,123.044,273186,4
3yII7UwgLF6K5zW3xad3MP,Red,22,72,1,6,False,0.642,0.695,7,-5.62,1,0.0281,0.000443,1.0199999999999999e-05,0.0753,0.642,103.984,230960,4
12M5uqx0ZuwkpLp5rJim1a,Lover,Cornelia Street,72,1,9,False,0.8240000000000001,0.624,0,-9.728,1,0.0827,0.7809999999999999,0.0001889999999999,0.1,0.248,102.012,287267,4
01K4zKU104LyJ8gMb7227B,Red,Nothing New (Ft. Phoebe Bridgers),71,1,23,False,0.606,0.377,0,-9.455,1,0.0275,0.8170000000000001,0.0,0.154,0.446,101.96,258813,4
0g4fMVo4JjwnIpTfFfLdxS,The Tortured Poets Department,Cassandra,71,1,27,True,0.5870000000000001,0.5870000000000001,10,-9.879,1,0.0595,0.8059999999999999,0.0,0.1369999999999999,0.514,139.963,240206,4
4EF6IyONolQy0bIQXm2EmX,The Tortured Poets Department,The Albatross,71,1,19,False,0.35200000000000004,0.479,2,-8.942,1,0.0583,0.655,0.0,0.0935,0.292,172.013,183879,4
4NioO5R9sHEZh4cGzMHyNt,1989,Say Don't Go,71,1,18,False,0.626,0.547,4,-8.285,1,0.0342,0.0656,1.67e-05,0.149,0.192,109.946,279833,4
3eX0NZfLtGzoLUxPNvRfqm,Midnights,Maroon,71,1,2,True,0.637,0.3979999999999999,7,-8.294,1,0.0564,0.0573,1.03e-06,0.1009999999999999,0.0374,108.075,218271,4
2vPMoMDXxu9uX1igWZmXSG,1989,New Romantics,71,1,16,False,0.6509999999999999,0.855,5,-5.959,1,0.0538,0.0068,9.81e-06,0.0759,0.698,121.98,230178,4
5hQSXkFgbxjZo9uCwd11so,Lover,False God,71,1,13,False,0.7390000000000001,0.32,11,-10.862,0,0.239,0.736,0.000147,0.111,0.35100000000000003,79.97,200307,4
3xYJScVfxByb61dYHTwiby,Midnights,Hits Different,71,1,21,True,0.672,0.782,5,-6.499,1,0.0421,0.14800000000000002,4.73e-06,0.29600000000000004,0.239,106.02600000000001,234467,4
1xwAWUI6Dj0WGC3KiUPN0O,Midnights,Vigilante Shit,71,1,8,True,0.7979999999999999,0.2769999999999999,4,-11.095999999999998,0,0.39,0.17300000000000001,5.25e-05,0.121,0.163,79.846,164801,4
4hqJ4bSlYJOXb6Z4SRmzxs,Speak Now,Long Live,71,1,14,False,0.375,0.65,0,-4.0310000000000015,1,0.0402,0.0122,0.0,0.1889999999999999,0.0752,203.89,317960,4
3NMrVbIVWT3fPXBj0rNDKG,The Tortured Poets Department,The Tortured Poets Department,71,1,2,True,0.604,0.428,0,-8.441,1,0.0255,0.0483,0.0,0.126,0.292,110.259,293048,4
6RSG1dKPV5gEvILwJb4QtS,The Tortured Poets Department,loml,71,1,12,True,0.423,0.272,0,-12.56,1,0.0489,0.858,0.0,0.10800000000000001,0.195,78.539,277157,3
045ZeOHPIzhxxsm8bq5kyE,1989,Out Of The Woods,71,1,4,False,0.547,0.885,0,-5.961,1,0.0418,0.000512,9.37e-05,0.39,0.192,91.992,235800,4
1dhMTsEZz6ZEquGvmzVoHn,The Tortured Poets Department,The Alchemy,70,1,15,False,0.64,0.42100000000000004,0,-8.802,1,0.0273,0.42200000000000004,0.0,0.10300000000000001,0.353,100.056,196900,4
7HuBDWi18s4aJM8UFnNheH,Reputation,King Of My Heart,70,1,10,False,0.675,0.703,0,-7.902,1,0.0382,0.00882,2.21e-06,0.0391,0.314,110.01,214320,4
2dgFqt3w9xIQRjhPtwNk3D,Lover,Death By A Thousand Cuts,70,1,10,False,0.7120000000000001,0.732,4,-6.754,1,0.0629,0.4539999999999999,0.0,0.319,0.313,94.071,198533,4
1Zai5UJ2di3qEuR2HeT2s8,The Tortured Poets Department,I Look in People's Windows,70,1,25,False,0.763,0.2739999999999999,1,-11.429,0,0.0738,0.69,0.0,0.1639999999999999,0.385,90.796,131907,4
7ogK4lJDVDMU6A6vYR5rvD,The Tortured Poets Department,thanK you aIMee,70,1,24,True,0.609,0.541,7,-8.013,1,0.0346,0.609,0.0,0.122,0.252,95.99700000000001,263817,4
7FmYn9e7KHMXcxqGSj9LjH,Midnights,Mastermind,70,1,13,False,0.662,0.35700000000000004,4,-14.064,1,0.154,0.5529999999999999,0.0012900000000000001,0.0837,0.124,125.96600000000001,191039,4
5kI4eCXXzyuIUXjQra0Cxi,folklore,betty,70,1,14,True,0.593,0.377,0,-8.761000000000001,1,0.0253,0.6,0.0,0.0976,0.502,95.939,294521,4
7qEUFOVcxRI19tbT68JcYK,Red,Everything Has Changed (Ft. Ed Sheeran),70,1,14,False,0.498,0.61,6,-5.098,1,0.0363,0.271,0.0,0.223,0.474,79.918,245427,4
0NwGC0v03ysCYINtg6ns58,Speak Now,Better Than Revenge,69,1,10,False,0.496,0.885,11,-2.969,0,0.0803,0.000886,0.0,0.191,0.665,145.863,220307,4
3z6XUommYDWPHeFhmhhT6j,Red,Message In A Bottle,69,1,25,False,0.622,0.7909999999999999,7,-6.106,1,0.0535,0.0018800000000000002,3.72e-06,0.083,0.494,115.915,225960,4
3MytWN8L7shNYzGl4tAKRp,Speak Now,Sparks Fly,69,1,2,False,0.588,0.758,5,-2.347,1,0.0305,0.0251,0.0,0.131,0.387,114.991,261231,4
7F5oktn5YOsR9eR5YsFtqb,Reputation,New Year's Day,69,1,15,False,0.6609999999999999,0.151,0,-12.864,1,0.0354,0.9209999999999999,0.0,0.13,0.23,94.92200000000001,235467,4
7I7JbDv63ZJJsSi24DyJrz,Reputation,Dancing With Our Hands Tied,69,1,11,False,0.624,0.691,0,-6.686,0,0.196,0.0604,1.1e-05,0.138,0.284,160.024,211507,4
4CkgMiMqZ5JzW9iYXSTMTL,Red,I Bet You Think About Me (Ft. Chris Stapleton),69,1,26,True,0.391,0.715,0,-4.516,1,0.0495,0.1669999999999999,0.0,0.183,0.473,149.654,285107,3
43rA71bccXFGD4C8GOpIlN,Lover,I Forgot That You Existed,69,1,1,False,0.664,0.316,5,-10.345,1,0.519,0.298,2.03e-06,0.0812,0.541,92.875,170640,4
1DTRUYVd8rYpla9hhVVwjo,The Tortured Poets Department,The Manuscript,69,1,31,False,0.509,0.256,0,-11.665,1,0.0306,0.9009999999999999,2.43e-06,0.10300000000000001,0.436,94.184,224744,4
2v1ivOOsgn64g5OywuH55L,The Tortured Poets Department,The Smallest Man Who Ever Lived,69,1,14,True,0.426,0.41,10,-9.083,1,0.0581,0.52,0.0,0.3379999999999999,0.263,142.377,245542,1
0A1JLUlkZkp2EFrosoNQi0,Midnights,Labyrinth,69,1,10,False,0.406,0.306,0,-15.48,1,0.0517,0.785,0.488,0.122,0.122,110.014,247962,4
2YWtcWi3a83pdEg3Gif4Pd,Lover,I Think He Knows,69,1,6,False,0.897,0.366,0,-8.029,1,0.0569,0.00889,0.0003529999999999,0.0715,0.41600000000000004,100.00299999999999,173387,4
6KJqZcs9XDgVck7Lg9QOTC,folklore,seven,69,1,7,False,0.596,0.488,4,-10.769,1,0.0274,0.9,2.7000000000000002e-05,0.091,0.415,94.926,208907,4
1hR8BSuEqPCCZfv93zzzz9,1989,Welcome To New York,68,1,1,False,0.7609999999999999,0.607,7,-4.83,1,0.0312,0.0096099999999999,2.24e-05,0.3670000000000001,0.674,116.98,212600,4
2Eeur20xVqfUoM3Q7EFPFt,folklore,the last great american dynasty,68,1,3,True,0.6859999999999999,0.662,7,-8.505,1,0.0413,0.467,0.0023,0.109,0.706,147.922,230999,4
2CnjDMdpRjlWv04Xk3s6MW,The Tortured Poets Department,Robin,68,1,30,False,0.47600000000000003,0.386,0,-10.600999999999999,1,0.03,0.7909999999999999,0.00042300000000000004,0.1,0.158,138.265,240893,4
07NxDD1iKCHbAldceD7QLP,Reputation,This Is Why We Can't Have Nice Things,68,1,13,False,0.5670000000000001,0.789,5,-5.9860000000000015,1,0.115,0.0156,0.0,0.382,0.4379999999999999,163.96,207133,4
2CYVETnhM9aytqrazYYwrK,Fearless,Mr. Perfectly Fine,68,1,22,False,0.66,0.8170000000000001,11,-6.269,0,0.0521,0.162,0.0,0.0667,0.7140000000000001,135.942,277592,4
4UwqOWDpdeIDVQDuKT6iza,1989,You Are In Love,68,1,15,False,0.537,0.495,9,-9.416,1,0.0573,0.609,2.49e-06,0.1119999999999999,0.4920000000000001,84.948,267389,4
15DeqWWQB4dcEWzJg15VrN,Taylor Swift,Our Song,68,1,11,False,0.6679999999999999,0.672,2,-4.931,1,0.0303,0.111,0.0,0.3289999999999999,0.539,89.01100000000002,201107,4
2ByBBvpR9b7IynvRmnG7kG,1989,Clean,68,1,13,False,0.7709999999999999,0.386,4,-8.917,1,0.0297,0.276,2.01e-05,0.121,0.239,103.96,271000,4
3UMrglJeju5yWyYIW6o99b,Midnights,The Great War,67,1,14,False,0.573,0.741,5,-8.987,1,0.0353,0.2189999999999999,2.23e-05,0.0842,0.5539999999999999,96.016,240356,4
5PxFv9yJEg9dxvbZggykro,Reputation,So It Goes...,67,1,7,False,0.574,0.61,2,-7.282999999999999,1,0.0732,0.122,1.1e-06,0.13,0.374,74.957,227907,4
0wavGRldH0AWyu2zvTz8zb,Midnights,Sweet Nothing,67,1,12,False,0.337,0.156,0,-14.919,1,0.0518,0.9640000000000001,7.72e-05,0.115,0.39,176.655,188497,4
6dTA6y0C2ReQklntzZl8l3,Speak Now,The Story Of Us,67,1,7,False,0.515,0.7809999999999999,4,-2.608,1,0.0535,0.0019199999999999,0.0,0.054000000000000006,0.57,139.846,267653,4
1wtOxkiel43cVs0Yux5Q4h,Midnights,Snow On The Beach (Ft. Lana Del Rey),67,1,4,True,0.6629999999999999,0.319,9,-13.481,1,0.0375,0.69,0.000993,0.1169999999999999,0.193,109.95700000000001,256124,4
64FzgoLZ3oXu2SriZblHic,1989,Bad Blood,67,1,8,False,0.619,0.6859999999999999,7,-6.369,1,0.1639999999999999,0.0385,0.0,0.307,0.364,169.94299999999996,211104,4
59KOoHFcw5XfICnO57holu,Speak Now,Last Kiss,67,1,13,False,0.55,0.366,10,-8.46,1,0.0276,0.447,4.43e-06,0.1009999999999999,0.16,79.40100000000002,369120,3
0y6kdSRCVQhSsHSpWvTUm7,Red,The Last Time (Ft. Gary Lightbody of Snow Patrol),67,1,10,False,0.502,0.534,2,-5.954,1,0.0278,0.0399,0.0,0.0977,0.155,94.05,299080,4
4tMzIAFTFdqGBQLdfbPces,Speak Now,Haunted,67,1,12,False,0.4270000000000001,0.915,5,-1.909,1,0.0619,0.006670000000000001,0.0,0.221,0.355,162.201,245413,4
6pYNq0ZwpPVazKzsqpf0G8,Red,The Very First Night,67,1,29,False,0.6779999999999999,0.733,7,-5.025,1,0.0281,0.00115,0.0,0.10400000000000001,0.581,121.009,200280,4
1zU8j1x3yi9xalMF96pzKp,Speak Now,Dear John,66,1,5,False,0.419,0.47,4,-5.016,1,0.0296,0.0236,0.0,0.163,0.133,119.294,405907,3
30Y4CV7A6YqtQtTTo7Ue4j,Speak Now,Mean,66,1,6,False,0.524,0.6920000000000001,4,-3.866,1,0.0369,0.311,0.0,0.192,0.621,163.87400000000005,238693,4
5xXqyjLicvEpch72qEryFT,Speak Now,Speak Now,66,1,4,False,0.727,0.677,7,-2.8710000000000004,1,0.0325,0.248,0.0,0.14300000000000002,0.639,118.995,242473,4
6T0sEnqjmHISIKwFETeeiP,1989,Suburban Legends,66,1,20,False,0.6990000000000001,0.621,0,-8.738999999999999,1,0.0369,0.198,0.0,0.10400000000000001,0.344,118.04799999999999,171819,4
4s8BIKx4Zh6ryAEz8RTlaU,Speak Now,Foolish One,66,1,21,False,0.6709999999999999,0.588,7,-4.675,1,0.0299,0.617,0.0,0.111,0.5429999999999999,96.965,311765,4
1HCdems7PQZRj42QDWLA0A,Speak Now,Timeless,66,1,22,False,0.624,0.585,3,-5.847,1,0.0328,0.3,0.0,0.0916,0.65,142.88299999999995,321397,4
6GXgd1BPD9bUpqw5AntGV5,1989,All You Had To Do Was Stay,66,1,5,False,0.586,0.72,0,-5.556,1,0.035,0.000718,0.0,0.0949,0.48100000000000004,97.057,193289,4
2gVhfX2Gy1T9kDuS9azrF7,evermore,willow,66,1,1,False,0.392,0.574,7,-9.195,1,0.17,0.833,0.00179,0.145,0.529,81.112,214707,4
05GsNucq8Bngd9fnd4fRa0,Red,Begin Again,66,1,16,False,0.519,0.527,7,-7.672999999999999,1,0.0274,0.075,0.0,0.132,0.267,78.915,238867,4
4pNApnaUWAL2J4KO2eqokq,Red,Come Back...Be Here,66,1,18,False,0.46,0.632,4,-6.0310000000000015,1,0.0302,0.0158,0.0,0.0822,0.3989999999999999,79.846,223333,4
1gcyHQpBQ1lfXGdhZmWrHP,evermore,champagne problems,66,1,2,True,0.462,0.24,0,-12.077,1,0.0377,0.92,0.0,0.113,0.32,171.31900000000005,244000,4
0aV5uARAknQgYhBaK944FP,Midnights,"Would've, Could've, Should've",66,1,19,False,0.483,0.84,7,-6.507999999999999,1,0.11900000000000001,0.43,0.000575,0.146,0.55,157.97899999999996,260362,4
4OmFmE0fzcMG6g0Y8p4eSD,Red,Better Man,66,1,22,False,0.473,0.579,4,-5.824,1,0.0384,0.214,0.0,0.0877,0.255,73.942,297013,4
0v4z1tuZvn6LGknom9Qx7d,Red,Babe,66,1,24,False,0.584,0.743,4,-7.075,1,0.0931,0.0538,2.83e-06,0.121,0.746,167.84400000000005,224240,4
0eFQWVz0qIxDOvhLpZ40P7,folklore,the lakes,65,1,17,False,0.313,0.258,2,-11.532,1,0.0383,0.8420000000000001,1.3e-06,0.0948,0.268,179.947,211813,4
4ABYxlb92WBIjHu7TIKmml,Speak Now,Castles Crumbling (Ft. Hayley Williams),65,1,20,False,0.5760000000000001,0.57,7,-7.925,1,0.0434,0.36200000000000004,0.0,0.0668,0.3779999999999999,147.803,306062,4
4e3ZNTAV6PCrdYMUrUlMpQ,Speak Now,Electric Touch (Ft. Fall Out Boy),65,1,17,False,0.547,0.855,7,-4.7,1,0.0597,0.0164,0.0,0.14400000000000002,0.282,131.07299999999998,266467,4
1kdWw77ZpYOkhxeuhzU1j6,evermore,it's time to go,65,1,17,False,0.5920000000000001,0.41,0,-12.425999999999998,1,0.0397,0.8009999999999999,1.39e-05,0.09,0.41600000000000004,151.923,254640,4
3S7HNKPakdwNEBFIVTL6dZ,Red,Treacherous,65,1,3,False,0.645,0.593,2,-6.506,1,0.0288,0.0344,0.000127,0.13,0.299,109.984,242720,4
3fO566xJgwxIa3qGCGBvIC,The Tortured Poets Department,Fresh Out The Slammer,65,1,7,False,0.33,0.483,9,-9.394,1,0.0399,0.624,0.0,0.111,0.34,87.115,210789,4
73qMN9bXy7MSPwwGfH3wQr,Red,Sad Beautiful Tragic,65,1,12,False,0.601,0.406,7,-11.827,1,0.0275,0.622,9.19e-05,0.133,0.2319999999999999,130.059,284773,3
2ve0kuaWUCt4Zx8x4bf1MR,1989,Wonderland,65,1,14,False,0.462,0.708,3,-5.971,1,0.0555,0.00933,1.88e-05,0.198,0.337,183.81099999999998,245567,4
43y1WpBdnEy5TR9aZoSQL9,1989,I Wish You Would,65,1,7,False,0.669,0.851,0,-6.526,1,0.0432,0.0035700000000000003,1.04e-05,0.0676,0.541,118.02600000000001,207650,4
5QVVjX0ZItqlVpEuVCM9Yg,1989,This Love,65,1,11,False,0.474,0.511,1,-8.766,0,0.0339,0.299,0.0,0.0673,0.0586,144.02200000000005,250100,4
1msEuwSBneBKpVCZQcFTsU,Fearless,Forever & Always,65,1,11,False,0.598,0.821,10,-4.433,1,0.0447,0.0231,0.0,0.14300000000000002,0.6729999999999999,128.03,225328,4
5YL553x8sHderRBDlm3NM3,Fearless,White Horse,65,1,5,False,0.423,0.517,0,-7.3770000000000024,1,0.0486,0.369,0.0,0.177,0.366,185.262,234516,4
6lCvK2AR2uOKkVFCVlAzzm,evermore,tolerate it,65,1,5,True,0.316,0.361,9,-10.380999999999998,1,0.0488,0.878,2.6700000000000002e-05,0.0797,0.221,74.952,245440,5
0BiqmkasE5FdrChwKfVp8X,Midnights,Bigger Than The Whole Sky,65,1,15,False,0.42200000000000004,0.235,6,-12.379000000000001,1,0.0568,0.826,0.00648,0.115,0.068,165.71,218503,4
2f0GI2ZLUtbGqFx8t2Gk6A,1989,I Know Places,64,1,12,False,0.575,0.8029999999999999,0,-5.393,1,0.0465,0.087,0.0,0.0971,0.68,160.039,195700,4
75W3SngKzTuoQ94uLf3y82,1989,How You Get The Girl,64,1,10,False,0.754,0.682,5,-5.789,1,0.0565,0.00209,9.88e-06,0.0941,0.547,120.027,247533,4
0heeNYlwOGuUSe7TgUD27B,Midnights,Question...?,64,1,7,True,0.7509999999999999,0.502,7,-8.763,1,0.1669999999999999,0.2,0.0,0.29600000000000004,0.106,108.943,210557,4
0zo975x58DlXbZllWvfYhg,Speak Now,When Emma Falls in Love,64,1,18,False,0.474,0.763,2,-4.632,1,0.0505,0.159,0.0,0.138,0.231,78.133,252386,4
4IQkfUsrwXol38VV3U7t7T,Red,Run (Ft. Ed Sheeran),64,1,28,False,0.61,0.488,3,-6.9179999999999975,1,0.0293,0.8170000000000001,0.0,0.312,0.4429999999999999,125.039,240227,4
6MWoRt97mnSTXZhu3ggi9C,folklore,hoax,64,1,16,False,0.662,0.18100000000000002,8,-15.065,1,0.0415,0.966,3.86e-06,0.133,0.429,118.819,220043,4
2nqio0SfWg6gh2eCtfuMa5,Fearless,Fifteen,64,1,2,False,0.5589999999999999,0.6459999999999999,7,-4.61,1,0.0272,0.1159999999999999,0.0,0.32,0.289,95.46600000000001,294419,4
7MbT4I8qGntX4fMdqMQgke,folklore,peace,64,1,15,True,0.647,0.272,5,-12.905999999999999,1,0.0916,0.9179999999999999,1.73e-05,0.0918,0.3389999999999999,150.04399999999995,234000,4
6Wlq9rqkxrqj5Kls4Kw14H,evermore,evermore (Ft. Bon Iver),64,1,15,False,0.39,0.27,1,-10.673,1,0.0308,0.937,0.00227,0.111,0.32,125.177,304107,5
2QDyYdZyhlP2fp79KZX8Bi,folklore,mad woman,64,1,12,True,0.5920000000000001,0.6990000000000001,3,-8.995,1,0.0471,0.655,1.6800000000000002e-05,0.114,0.506,141.916,237258,4
4AYtqFyFbX0Xkc2wtcygTr,Lover,Soon You'll Get Better (Ft. The Chicks),64,1,12,False,0.433,0.182,0,-12.565999999999999,1,0.0641,0.907,0.0,0.12300000000000001,0.42100000000000004,207.476,201587,4
6sQckd3Z8NPxVVKUnavY1F,evermore,'tis the damn season,64,1,4,False,0.575,0.434,5,-8.193,1,0.0312,0.735,6.59e-05,0.105,0.348,145.916,229840,4
6lzc0Al0zfZOIFsFvBS1ki,Red,State Of Grace,64,1,1,False,0.594,0.713,9,-5.314,1,0.0503,0.000328,0.0,0.114,0.3279999999999999,129.958,295413,4
3yNJkriPzWjkkDAWHIAVUq,Speak Now,Ours,63,1,15,False,0.535,0.488,0,-8.261000000000001,1,0.0278,0.449,0.0,0.111,0.348,159.813,235803,4
2EFZ9emtKWEglWUQGEQ3P9,Speak Now,Never Grow Up,63,1,8,False,0.685,0.3229999999999999,2,-7.103,1,0.0289,0.851,0.0,0.198,0.569,125.05799999999999,292920,4
2r9CbjYgFhtAmcFv1cSquB,Red,I Almost Do,63,1,7,False,0.511,0.5589999999999999,4,-6.5870000000000015,1,0.0264,0.0167,0.0,0.113,0.248,145.88,244587,4
1SmiQ65iSAbPto6gPFlBYm,Lover,It's Nice To Have A Friend,63,1,17,False,0.737,0.175,10,-9.912,1,0.0401,0.971,0.000337,0.171,0.545,70.008,150440,4
6uwfVkaOM1mcMkFmSn35ix,evermore,"no body, no crime (Ft. HAIM)",63,1,6,False,0.546,0.613,7,-7.588999999999999,0,0.0264,0.418,0.0,0.10300000000000001,0.535,79.015,215627,4
550erGcdD9n6PnwxrvYqZT,Fearless,Hey Stephen,63,1,4,False,0.7879999999999999,0.5710000000000001,6,-6.135,1,0.0296,0.106,0.0,0.0934,0.797,115.99,254255,4
2awNGIJHodfLZSClB3PYhz,evermore,coney island (Ft. The National),63,1,9,False,0.537,0.537,8,-11.265999999999998,1,0.0617,0.8190000000000001,0.000904,0.142,0.292,107.895,275320,4
7712gjoih4QoDbXpljEk21,Midnights,Paris,63,1,16,False,0.7,0.509,7,-10.547,1,0.0789,0.1119999999999999,3.27e-05,0.1369999999999999,0.345,110.947,196259,4
3Dby3p1m6IOZn2gIIqECgK,evermore,gold rush,63,1,3,True,0.512,0.462,9,-10.491,1,0.0408,0.83,0.166,0.121,0.353,112.05,185320,4
32mVHdy0bi1XKgr0ajsBlG,Taylor Swift,Picture To Burn,63,1,2,False,0.6579999999999999,0.877,7,-2.0980000000000003,1,0.0323,0.17300000000000001,0.0,0.0962,0.821,105.586,173067,4
43Ykum9T72UOPhBN31grpN,evermore,ivy,63,1,10,True,0.515,0.545,2,-9.277000000000001,1,0.0353,0.855,1.9699999999999998e-05,0.0921,0.535,88.85600000000002,260440,4
52OkpDsU6MmPx1AwGOb6Ap,evermore,cowboy like me,63,1,11,True,0.604,0.517,0,-9.014,1,0.0347,0.768,0.000155,0.12300000000000001,0.511,127.96700000000001,275040,4
7J4b3LVCIGO4CMBDFLPoP6,Red,Holy Ground,63,1,11,False,0.622,0.809,9,-5.6229999999999976,1,0.0638,0.0288,0.00218,0.109,0.511,156.894,202960,4
5VYWxXUpxuxEmCqMLDqICo,evermore,long story short,62,1,12,False,0.546,0.73,0,-7.704,1,0.0417,0.66,0.179,0.0972,0.573,157.895,215920,4
1UlhrRvYzbHEyugEDspXUB,The Tortured Poets Department,Clara Bow,62,1,16,False,0.6859999999999999,0.318,7,-11.046,1,0.0263,0.636,0.00144,0.106,0.214,104.088,216662,4
2h3MDMf8sd9s4XIzpTBIjX,The Tortured Poets Department,I Can Fix Him (No Really I Can),62,1,11,False,0.6609999999999999,0.257,6,-13.960999999999999,0,0.045,0.768,1.72e-06,0.17600000000000002,0.318,106.896,156298,4
5kiZGSxgqPdv6rbqL9THdd,Midnights,High Infidelity,62,1,17,False,0.6459999999999999,0.529,10,-10.179,1,0.0864,0.723,0.0,0.0885,0.755,87.86200000000002,231475,4
55Vf4bimc1Rtfg0PAQRAo2,evermore,happiness,62,1,7,True,0.5589999999999999,0.3339999999999999,11,-10.732999999999999,1,0.0376,0.87,0.0,0.114,0.21100000000000002,122.079,315147,4
3QF5RsWzK1lCvf2o2cY65P,Midnights,Dear Reader,62,1,20,False,0.562,0.3879999999999999,0,-12.088,1,0.0705,0.48100000000000004,0.00145,0.1169999999999999,0.159,107.74700000000001,225194,4
5uICWmZTLkpEVbK22PBP6e,evermore,marjorie,62,1,13,False,0.535,0.561,5,-11.609000000000002,1,0.0484,0.8759999999999999,0.000136,0.115,0.287,96.103,257773,4
08fa9LFcFBTcilB3iq2e2A,folklore,epiphany,62,1,13,False,0.354,0.267,1,-13.69,1,0.0281,0.731,0.0004019999999999,0.0858,0.113,94.219,289749,4
0NRHj8hDwwmSPaA41o379r,Red,The Moment I Knew,62,1,17,False,0.636,0.402,7,-7.855,1,0.031,0.0494,0.0,0.107,0.20800000000000002,125.95200000000001,285280,4
6iiAfo4wTA2CVC3Uwx9uh8,Fearless,You're Not Sorry,62,1,9,False,0.506,0.444,6,-4.99,1,0.0285,0.0538,0.0,0.12300000000000001,0.24100000000000002,133.873,261843,4
7eQj6r5PIdYKEIZjucBMcq,Red,Stay Stay Stay,62,1,9,False,0.693,0.6809999999999999,0,-7.039,1,0.025,0.0848,0.0,0.0768,0.6629999999999999,100.02,205787,4
4e5ayHsOLJNLTGfjau2mEw,Red,The Lucky One,62,1,13,False,0.6859999999999999,0.5710000000000001,4,-7.138,1,0.05,0.066,0.0,0.0608,0.5379999999999999,117.889,240467,4
3oGVx9RBmiYGv5ZCecWLkx,Red,Forever Winter,62,1,27,False,0.611,0.552,7,-5.8279999999999985,1,0.031,0.256,0.0,0.134,0.41,116.012,263533,4
0DMVrlMUn01M0IcpDbwgu7,Red,Girl At Home,61,1,19,False,0.691,0.736,5,-6.974,1,0.0326,0.00955,1.88e-05,0.1009999999999999,0.612,125.089,220520,4
7eResoqEJJAVTkQYSqvO3P,Fearless,That's When (Ft. Keith Urban),61,1,24,False,0.588,0.608,5,-7.062,1,0.0365,0.225,0.0,0.092,0.508,90.20100000000001,189496,4
1cSFlSBdpT4F5vb1frQ231,Fearless,The Other Side Of The Door,61,1,19,False,0.4320000000000001,0.873,4,-4.367,1,0.0577,0.0279,0.0,0.1669999999999999,0.629,163.93599999999995,238444,4
7A2cNLRT0YJc1yjxHlKihs,Red,Starlight,61,1,15,False,0.628,0.685,4,-5.864,1,0.0358,0.00324,0.0,0.18,0.605,126.014,220413,4
0tQ9vBYpldCuikPsbgOVKA,Fearless,Untouchable,61,1,15,False,0.3929999999999999,0.531,5,-6.112,1,0.0329,0.0181,0.0,0.1689999999999999,0.2239999999999999,200.391,312107,4
4uuEGH5SVuzkkSFjo2DEiY,Fearless,Don't You,61,25,69,False,0.563,0.473,3,-11.548,1,0.0503,0.514,1.2e-05,0.109,0.405,101.934,208609,4
6wAFvJPpTZVirBKGZ4EnMW,Midnights,Glitch,61,1,18,False,0.675,0.466,11,-9.738,0,0.201,0.361,0.0,0.11,0.34700000000000003,140.864,148781,4
66tOfHVH3aUrscg8vExRV4,evermore,dorothea,61,1,8,False,0.605,0.488,4,-8.322000000000001,1,0.0264,0.696,0.0,0.129,0.354,119.96600000000001,225880,4
12nBPF4Rh4XLFJV0YLN7uj,Speak Now,Innocent,61,1,11,False,0.522,0.598,1,-5.327000000000001,0,0.0284,0.1009999999999999,0.0,0.152,0.149,133.627,301222,4
7HC7R2D8WjXVcUHJyEGjRs,Fearless,Breathe (Ft. Colbie Caillat),60,1,7,False,0.506,0.626,1,-6.066,1,0.0287,0.156,0.0,0.228,0.321,148.035,263377,4
0Om9WAB5RS09L80DyOfTNa,Taylor Swift,Tim McGraw,60,1,1,False,0.58,0.491,0,-6.4620000000000015,1,0.0251,0.575,0.0,0.121,0.425,76.009,232107,4
2m3ObD945KvpE5y9A1eUWm,Fearless,Jump Then Fall,60,1,14,False,0.5720000000000001,0.69,2,-6.2010000000000005,1,0.0358,0.0474,0.0,0.0897,0.624,160.111,237580,4
7zMcNqs55Mxer82bvZFkpg,Taylor Swift,Teardrops On My Guitar,60,1,3,False,0.621,0.41700000000000004,10,-6.941,1,0.0231,0.28800000000000003,0.0,0.11900000000000001,0.289,99.95299999999999,203040,4
4evLyY5Ue1Wesc61t2KXAU,Speak Now,Superman,59,1,16,False,0.5329999999999999,0.742,7,-3.4730000000000003,1,0.0303,0.0031,0.0,0.10800000000000001,0.35600000000000004,131.93,274945,4
6ON9UuIq49xXY9GPmHIYRp,Fearless,The Best Day,59,1,12,False,0.642,0.5760000000000001,1,-8.524,1,0.0282,0.488,0.0,0.159,0.469,125.0,245290,4
34V9RiEPe8MNdU32qJsJa1,Fearless,We Were Happy,59,1,23,False,0.609,0.373,0,-8.818999999999997,1,0.0263,0.8490000000000001,0.0,0.0779,0.13,106.007,244237,4
2JoJrsEV15OzbijS47lids,Fearless,Today Was A Fairytale,59,1,20,False,0.48200000000000004,0.779,7,-5.025,1,0.0409,0.0135,0.0,0.29600000000000004,0.3279999999999999,158.162,241822,4
0k0vFacOHNuArLWMiH60p7,Fearless,Tell Me Why,59,1,8,False,0.578,0.909,7,-3.6689999999999996,1,0.0628,0.0222,0.0,0.3329999999999999,0.541,100.023,200576,4
4qUijfYU8EoIWiY6oSyrgT,Fearless,Bye Bye Baby,59,1,26,False,0.624,0.624,5,-7.86,1,0.0539,0.3339999999999999,0.0,0.0995,0.527,80.132,242158,4
16MVSD0mGI4RMQT83Qzm69,Taylor Swift,Should've Said No,59,1,9,False,0.47600000000000003,0.777,4,-3.7710000000000004,0,0.0289,0.0103,0.0,0.196,0.47200000000000003,167.96400000000003,242200,4
6a8aUhYbaQBUI8PcJ5ZmQ6,evermore,closure,59,1,14,False,0.6890000000000001,0.7040000000000001,9,-10.812999999999999,1,0.245,0.835,4.83e-06,0.134,0.92,151.884,180653,5
3ExweHKZF9B752DPQByRVT,Fearless,Change,58,1,13,False,0.499,0.815,5,-4.063,1,0.0341,0.0001909999999999,0.0,0.18100000000000002,0.344,95.999,279360,4
4CHpVfAhuxNJ3ibExe6kxO,Fearless,You All Over Me (Ft. Maren Morris),57,1,21,False,0.599,0.494,2,-7.61,1,0.0372,0.816,0.0,0.1009999999999999,0.44,142.893,220839,4
1n2wszmJyVkw6FHqyLnQsY,Fearless,Come In With The Rain,57,1,17,False,0.47600000000000003,0.564,2,-5.6770000000000005,1,0.0269,0.0406,0.0,0.102,0.1669999999999999,143.929,237339,4
7nWui6jiMM2m9qFmET1Mtj,Red,Ronan,57,1,21,False,0.623,0.2789999999999999,0,-10.802,1,0.031,0.6609999999999999,0.0,0.193,0.38,116.04,264253,4
51A8eKvvZz9uydvIZ7xRSV,Fearless,Superstar,56,1,18,False,0.4539999999999999,0.555,2,-6.69,1,0.0283,0.157,0.0,0.3429999999999999,0.171,171.862,263865,4
0JIdBrXGSJXS72zjF9ss9u,Taylor Swift,I'm Only Me When I'm With You,53,1,12,False,0.563,0.934,8,-3.6289999999999996,1,0.0646,0.004520000000000001,0.000807,0.10300000000000001,0.518,143.964,213053,4
2QrQCMel6v2JiLxqrg4p2O,Taylor Swift,Mary's Song (Oh My My My),53,1,10,False,0.4029999999999999,0.627,2,-5.28,1,0.0292,0.0177,0.0,0.182,0.374,74.9,213080,4
7an1exwMnfYRcdVQm0yDev,Taylor Swift,Cold As You,51,1,5,False,0.418,0.48200000000000004,5,-5.769,1,0.0266,0.217,0.0,0.12300000000000001,0.261,175.558,239013,4
73OX8GdpOeGzKC6OvGSbsv,Taylor Swift,A Place In This World,51,1,4,False,0.5760000000000001,0.777,9,-2.8810000000000002,1,0.0324,0.051,0.0,0.32,0.428,115.02799999999999,199200,4
2ZoOmCSgj0ypVAmGd1ve4y,Taylor Swift,Stay Beautiful,50,1,8,False,0.594,0.629,8,-4.919,1,0.0246,0.0868,0.0,0.1369999999999999,0.504,131.597,236053,4
6K0CJLVXqbGMeJSmJ4ENKK,Taylor Swift,Tied Together With A Smile,50,1,7,False,0.479,0.578,2,-4.963,1,0.0294,0.525,0.0,0.0841,0.192,146.165,248107,4
2QA3IixpRcKyOdG7XDzRgv,Taylor Swift,The Outside,49,1,6,False,0.589,0.805,5,-4.055,1,0.0293,0.00491,0.0,0.24,0.591,112.98200000000001,207107,4
5OOd01o2YS1QFwdpVLds3r,Taylor Swift,Invisible,49,1,13,False,0.612,0.3939999999999999,7,-5.723,1,0.0243,0.637,0.0,0.147,0.233,96.001,203227,4
1spLfUJxtyVyiKKTegQ2r4,Taylor Swift,A Perfectly Good Heart,48,1,14,False,0.483,0.7509999999999999,4,-5.726,1,0.0365,0.00349,0.0,0.128,0.268,156.092,220147,4
